stock_code,corp_name,induty_code,wave_group,wave_group_final,report_ok,kw_CBAM,kw_배터리여권,kw_기어박스,kw_휠,kw_현가장치,kw_라디에이터,kw_유럽
001820,삼화콘덴서공업(주),26291,비대상,비대상,True,0,0,0,0,0,0,7
049800,(주)우진플라임,292,2차 후보(확인 필요),2차 후보(확인 필요),True,0,0,0,0,0,0,6
023600,삼보판지(주),171,비대상,비대상,True,0,0,0,0,0,0,0
200880,(주)서연이화,303,2차 후보(확인 필요),"2차(2028, 제품명 확인)",True,0,0,0,0,0,1,17
053060,(주)세동,303,2차 후보(확인 필요),2차 후보(확인 필요),True,0,0,0,0,0,0,3
014620,(주)성광벤드,24133,1차(2027),1차(2027),True,0,0,0,0,0,0,10
014530,극동유화(주),19221,비대상,비대상,True,0,0,0,0,0,0,0
053450,(주)세코닉스,273,비대상,비대상,True,0,0,0,0,0,0,18
004700,조광피혁(주),15110,비대상,비대상,True,0,0,0,1,0,0,0
084730,팅크웨어(주),264,비대상,비대상,True,0,0,0,0,0,0,5
281740,(주)레이크머티리얼즈,204,비대상,비대상,True,0,0,0,0,0,0,4
189300,(주)인텔리안테크놀로지스,26429,비대상,비대상,True,0,0,0,0,0,0,30
083930,(주)아바코,29272,비대상,비대상,True,0,0,0,0,0,0,9
382840,주식회사 원준,292,2차 후보(확인 필요),2차 후보(확인 필요),True,0,0,0,0,0,0,25
241710,(주)코스메카코리아,20423,비대상,비대상,True,0,0,0,0,0,0,12
013520,(주)화승코퍼레이션,303,2차 후보(확인 필요),"2차(2028, 제품명 확인)",True,0,0,2,0,0,0,7
100120,(주)뷰웍스,27199,2차 후보(확인 필요),2차 후보(확인 필요),True,0,0,0,0,0,0,20
019180,(주)티에이치엔,289,비대상,비대상,True,0,0,0,0,0,0,1
008870,(주)금비,23192,비대상,비대상,True,0,0,0,0,0,0,2
336570,원텍(주),271,2차 후보(확인 필요),2차 후보(확인 필요),True,0,0,0,0,0,0,3
267320,(주)나인테크,292,2차 후보(확인 필요),2차 후보(확인 필요),True,0,0,0,0,0,0,1
206640,바디텍메드(주),213,비대상,비대상,True,0,0,0,0,0,0,8
378850,주식회사 화승알앤에이,30399,2차 후보(확인 필요),"2차(2028, 제품명 확인)",True,0,0,2,0,1,0,1
014160,대영포장(주),1721,비대상,비대상,True,0,0,0,0,0,0,0
018120,(주)진로발효,11121,비대상,비대상,True,0,0,0,0,0,0,0
025820,이구산업(주),24221,비대상,비대상,True,0,0,0,0,0,0,1
071280,로체시스템즈(주),292,2차 후보(확인 필요),2차 후보(확인 필요),True,0,0,0,2,0,0,0
054040,한국컴퓨터(주),2629,비대상,비대상,True,0,0,0,0,0,0,0
002920,유성기업(주),303,2차 후보(확인 필요),"2차(2028, 제품명 확인)",True,0,0,0,2,0,0,4
038010,(주)제일테크노스,2511,1차(2027),1차(2027),True,0,0,0,0,0,0,0
001390,KG케미칼(주),201,1차(2027),1차(2027),True,0,0,0,0,0,0,13
122690,(주)서진오토모티브,303,2차 후보(확인 필요),"2차(2028, 제품명 확인)",True,0,0,34,7,0,1,3
194370,(주)제이에스코퍼레이션,15121,비대상,비대상,True,0,0,0,0,0,0,8
064960,SNT모티브(주),303,2차 후보(확인 필요),"2차(2028, 제품명 확인)",True,0,0,14,0,18,0,29
004910,조광페인트(주),20411,비대상,비대상,True,0,0,0,0,0,0,0
083310,(주)엘오티베큠,29271,비대상,비대상,True,0,0,0,0,0,0,2
009270,(주)신원,14112,비대상,비대상,True,0,0,0,0,0,0,0
108380,대양전기공업(주),31114,비대상,비대상,True,0,0,0,0,0,0,0
058610,(주)에스피지,28111,2차(2028),2차(2028),True,0,0,70,0,0,0,10
003200,일신방직(주),13101,비대상,비대상,True,0,0,0,0,0,0,1
204020,(주)그리티,14120,비대상,비대상,True,0,0,0,0,0,0,6
002310,아세아제지(주),172,비대상,비대상,True,0,0,0,0,0,0,0
036810,(주)에프에스티,2629,비대상,비대상,True,0,0,0,0,0,0,6
053610,(주)프로텍,29271,비대상,비대상,True,0,0,0,0,0,0,0
243840,신흥에스이씨(주),28202,비대상,비대상,True,0,0,0,0,0,0,14
278280,(주)천보,201,비대상,비대상,True,0,0,0,0,0,0,6
003350,(주)한국화장품제조,20423,비대상,비대상,True,0,0,0,0,0,0,0
025320,(주)시노펙스,2629,비대상,비대상,True,0,0,0,0,0,0,2
039440,(주)에스티아이,29271,비대상,비대상,True,0,0,0,0,0,0,4
010820,퍼스텍(주),252,비대상,비대상,True,0,0,0,0,0,0,0
004430,송원산업(주),20499,비대상,비대상,True,0,0,0,0,0,0,17
005030,부산주공(주),30310,2차 후보(확인 필요),2차 후보(확인 필요),True,0,0,0,0,0,0,2
025540,한국단자공업(주),2812,비대상,비대상,True,0,0,0,0,0,0,1
155650,와이엠씨(주),262,비대상,비대상,True,0,0,0,0,0,0,0
037030,주식회사 파워넷,2811,2차(2028),2차(2028),True,0,0,0,0,0,0,0
004100,태양금속공업(주),303,2차 후보(확인 필요),2차 후보(확인 필요),True,0,0,0,0,0,0,0
004980,성신양회(주),23311,1차(2027),1차(2027),True,0,0,0,0,0,0,0
036890,(주)진성티이씨,29241,2차(2028),2차(2028),True,0,0,0,0,0,0,11
089980,(주)상아프론테크,222,비대상,비대상,True,0,0,0,0,0,0,1
183190,아세아시멘트(주),23311,1차(2027),1차(2027),True,0,0,0,0,0,0,1
171090,(주)선익시스템,292,2차 후보(확인 필요),2차 후보(확인 필요),True,0,0,0,0,0,0,0
441270,(주)파인엠텍,26299,비대상,비대상,True,0,0,0,0,0,0,0
093050,(주)LF,14111,비대상,비대상,True,0,0,0,0,0,0,6
042110,(주)에스씨디,28519,2차(2028),2차(2028),True,0,0,0,0,0,0,1
043370,피에이치에이(주),303,2차 후보(확인 필요),2차 후보(확인 필요),True,0,0,0,0,0,0,28
047310,(주)파워로직스,2812,비대상,비대상,True,0,0,0,0,0,0,2
122990,(주)와이솔,2629,비대상,비대상,True,0,0,0,0,0,0,0
092200,(주)디아이씨,303,2차 후보(확인 필요),"2차(2028, 제품명 확인)",True,0,0,36,0,0,0,2
353200,대덕전자(주),2622,비대상,비대상,True,0,0,0,0,0,0,0
015260,(주)에이엔피,2622,비대상,비대상,True,0,0,1,0,0,0,0
014280,금강공업(주),2413,1차(2027),1차(2027),True,0,0,0,0,0,0,0
104830,(주)원익머트리얼즈,20121,비대상,비대상,True,0,0,0,0,0,0,0
007210,(주)벽산,23999,비대상,비대상,True,0,0,0,0,0,0,5
161890,한국콜마(주),20423,비대상,비대상,True,0,0,0,0,0,0,11
215360,우리산업(주),303,2차 후보(확인 필요),"2차(2028, 제품명 확인)",True,0,0,1,0,0,0,14
123860,(주)아나패스,2611,비대상,비대상,True,0,0,0,0,0,0,0
009470,삼화전기(주),26291,비대상,비대상,True,0,0,0,0,0,0,37
011780,금호석유화학(주),201,비대상,비대상,True,0,0,0,0,0,0,13
140520,(주)대창스틸,24122,1차(2027),1차(2027),True,0,0,0,0,0,0,1
026940,부국철강(주),2413,1차(2027),1차(2027),True,0,0,0,0,0,0,0
393890,더블유씨피(주),28202,비대상,비대상,True,0,0,0,0,0,0,12
082920,(주)비츠로셀,28201,비대상,비대상,True,0,0,0,0,0,0,17
018310,삼목에스폼(주),2511,1차(2027),1차(2027),True,0,0,0,0,0,0,0
008490,(주)서흥,2049,비대상,비대상,True,0,0,0,0,0,0,42
002070,(주)비비안,14120,비대상,비대상,True,0,0,0,0,0,0,0
155660,DSR(주),242,2차 후보(확인 필요),2차 후보(확인 필요),True,0,0,0,0,0,0,10
210540,디와이파워(주),29241,2차(2028),2차(2028),True,0,0,0,0,0,0,5
251970,펌텍코리아 주식회사,22232,비대상,비대상,True,0,0,0,0,0,0,8
377740,(주)바이오노트,213,비대상,비대상,True,0,0,0,0,0,0,14
033100,제룡전기(주),2811,2차(2028),2차(2028),True,0,0,0,0,0,0,1
015230,대창단조(주),303,2차 후보(확인 필요),2차 후보(확인 필요),True,0,0,0,0,0,0,1
010040,한국내화(주),2321,비대상,비대상,True,0,0,0,0,0,0,2
049830,(주) 승일,259,2차 후보(확인 필요),2차 후보(확인 필요),True,0,0,0,0,0,0,0
006650,대한유화(주),20111,비대상,비대상,True,0,0,0,0,0,0,1
425040,티이엠씨 주식회사,20121,비대상,비대상,True,0,0,0,0,0,0,0
143160,(주)아이디스,26429,비대상,비대상,True,0,0,0,0,0,0,3
119610,(주)인터로조,271,2차 후보(확인 필요),2차 후보(확인 필요),True,0,0,0,0,0,0,13
000100,(주)유한양행,212,비대상,비대상,True,0,0,0,0,0,0,9
052330,(주)코텍,26519,비대상,비대상,True,0,0,0,0,0,0,9
017370,(주)우신시스템,292,2차 후보(확인 필요),2차 후보(확인 필요),True,0,0,0,0,0,0,10
003160,(주)디아이,27212,2차 후보(확인 필요),2차 후보(확인 필요),True,0,0,0,0,0,0,0
053620,(주)태양,25991,1차(2027),1차(2027),True,0,0,0,0,0,0,0
078600,대주전자재료(주),2629,비대상,비대상,True,0,0,0,0,0,0,2
004780,(주)대륙제관,25991,1차(2027),1차(2027),True,0,0,0,0,0,0,1
071090,(주)하이스틸,2413,1차(2027),1차(2027),True,2,0,0,0,0,0,3
261200,주식회사 덴티스,271,2차 후보(확인 필요),2차 후보(확인 필요),True,0,0,0,0,0,0,5
039030,(주)이오테크닉스,29271,비대상,비대상,True,0,0,0,0,0,0,1
023450,(주)동남합성,201,비대상,비대상,True,0,0,0,0,0,0,0
024740,한일단조공업(주),303,2차 후보(확인 필요),2차 후보(확인 필요),True,0,0,0,0,0,0,4
058470,리노공업(주),2629,비대상,비대상,True,0,0,0,0,0,0,1
214680,(주)디알텍,271,2차 후보(확인 필요),2차 후보(확인 필요),True,0,0,0,0,0,0,13
009160,(주)SIMPAC,24113,1차(2027),1차(2027),True,0,0,0,0,0,0,4
017800,현대엘리베이터(주),29162,2차(2028),2차(2028),True,0,0,0,0,0,0,9
054450,(주)텔레칩스,2611,비대상,비대상,True,0,0,0,0,0,0,5
183300,(주)코미코,29271,비대상,비대상,True,0,0,0,0,2,0,6
094170,(주)동운아나텍,2611,비대상,비대상,True,0,0,0,0,0,0,3
011090,(주)에넥스,32021,비대상,비대상,True,0,0,0,0,0,0,0
017480,삼현철강(주),2419,1차(2027),1차(2027),True,0,0,0,0,0,0,0
214430,아이쓰리시스템(주),2629,비대상,비대상,True,0,0,0,0,0,0,4
003800,(주)에이스침대,32029,비대상,비대상,True,0,0,0,0,0,0,4
092300,현우산업(주),2622,비대상,비대상,True,0,0,0,0,0,0,0
214330,(주)금호에이치티,303,2차 후보(확인 필요),2차 후보(확인 필요),True,0,0,0,0,0,0,2
048430,(주)유라테크,281,2차 후보(확인 필요),2차 후보(확인 필요),True,0,0,0,0,0,0,3
002200,한국수출포장공업(주),1721,비대상,비대상,True,0,0,0,0,0,0,0
013310,아진산업(주),303,2차 후보(확인 필요),"2차(2028, 제품명 확인)",True,0,0,1,0,3,0,0
002220,한일철강(주),2419,1차(2027),1차(2027),True,0,0,0,0,0,0,3
003960,(주)사조대림,10211,비대상,비대상,True,0,0,0,0,0,0,3
065510,(주)휴비츠,27199,2차 후보(확인 필요),2차 후보(확인 필요),True,0,0,0,1,0,0,11
012280,영화금속(주),303,2차(2028),2차(2028),True,0,0,0,0,0,0,3
058730,다스코(주),25112,1차(2027),1차(2027),True,0,0,0,0,0,0,3
013870,지엠비코리아(주),303,2차 후보(확인 필요),"2차(2028, 제품명 확인)",True,0,0,4,2,2,0,15
378340,주식회사 필에너지,29299,비대상,비대상,True,0,0,0,0,0,0,15
017860,주식회사 디에스단석,204,비대상,비대상,True,0,0,0,0,0,0,10
010100,한국무브넥스(주),303,2차 후보(확인 필요),"2차(2028, 제품명 확인)",True,0,0,1,0,1,0,1
005950,(주)이수화학                             ,20111,비대상,비대상,True,0,0,0,0,0,0,22
007340,(주)디엔오토모티브,28202,비대상,비대상,True,0,0,0,0,1,0,13
033160,엠케이전자(주),262,비대상,비대상,True,0,0,0,0,0,0,0
090430,(주)아모레퍼시픽,20423,비대상,비대상,True,0,0,0,0,0,0,3
025900,동화기업(주),16212,비대상,비대상,True,0,0,0,0,0,0,5
077970,STX엔진(주),29111,2차 후보(확인 필요),2차 후보(확인 필요),True,0,0,1,0,0,0,9
012860,(주)모베이스전자,303,2차 후보(확인 필요),2차 후보(확인 필요),True,0,0,0,0,0,0,25
264450,(주)유비쿼스,26410,비대상,비대상,True,0,0,0,0,0,0,0
134380,미원화학(주),20421,비대상,비대상,True,0,0,0,0,0,0,1
078890,가온그룹(주),264,비대상,비대상,True,0,0,0,0,0,0,11
108230,(주)톱텍,292,2차 후보(확인 필요),2차 후보(확인 필요),True,0,0,0,0,0,0,3
008260,(주)NI스틸,2419,1차(2027),1차(2027),True,0,0,0,0,0,0,0
091700,(주)파트론,2629,비대상,비대상,True,0,0,0,0,0,0,1
050860,(주)아세아텍,29210,2차(2028),2차(2028),True,0,0,0,0,0,0,4
033500,(주)동성화인텍,201,비대상,비대상,True,0,0,0,0,0,0,2
023810,(주)인팩,303,2차 후보(확인 필요),"2차(2028, 제품명 확인)",True,0,0,1,0,7,0,17
097520,(주)엠씨넥스,26519,비대상,비대상,True,0,0,0,0,0,0,1
012610,(주)경인양행,20132,비대상,비대상,True,0,0,0,0,0,0,23
102460,이연제약(주),212,비대상,비대상,True,0,0,0,0,0,0,3
084870,(주)티비에이치글로벌,141,비대상,비대상,True,0,0,0,0,0,0,0
115440,(주)우리넷,2641,비대상,비대상,True,0,0,0,0,0,0,0
264660,씨앤지하이테크(주),29271,비대상,비대상,True,0,0,0,0,0,0,0
074600,(주)원익큐엔씨,2312,비대상,비대상,True,0,0,0,0,0,0,1
036200,유니셈(주),29271,비대상,비대상,True,0,0,0,0,0,0,1
111380,(주)동인기연,151,비대상,비대상,True,0,0,0,0,0,0,1
125210,(주)아모그린텍,2629,비대상,비대상,True,0,0,0,0,0,0,5
114840,(주)아이패밀리에스씨,204,비대상,비대상,True,0,0,0,0,0,0,10
263810,상신전자(주),2629,비대상,비대상,True,0,0,0,0,0,0,1
014710,사조씨푸드(주),102,비대상,비대상,True,0,0,0,0,0,0,8
010660,화천기계(주),29223,2차 후보(확인 필요),2차 후보(확인 필요),True,0,0,0,0,0,0,3
240810,(주)원익아이피에스,292,2차 후보(확인 필요),2차 후보(확인 필요),True,0,0,0,0,1,0,1
032750,(주)삼진,264,비대상,비대상,True,0,0,0,0,0,0,0
089030,(주)테크윙,29271,비대상,비대상,True,0,0,0,0,0,0,0
006140,(주)피제이전자,27112,비대상,비대상,True,0,0,0,0,0,0,0
093370,(주)후성,20129,비대상,비대상,True,0,0,0,0,0,0,2
011930,주식회사 신성이엔지,2612,비대상,비대상,True,2,0,0,0,0,0,5
018470,조일알미늄(주),24222,1차(2027),1차(2027),True,0,0,0,0,0,0,2
137400,(주)피엔티,292,2차 후보(확인 필요),2차 후보(확인 필요),True,0,0,0,0,0,0,12
290550,(주)디케이티,26224,비대상,비대상,True,0,0,0,0,0,0,0
018290,(주)브이티,204,비대상,비대상,True,0,0,0,0,0,0,7
178920,피아이첨단소재(주),2221,비대상,비대상,True,0,0,1,0,0,0,3
208140,(주)정다운,101,비대상,비대상,True,0,0,0,0,0,0,0
126600,(주)비지에프에코머티리얼즈,20202,비대상,비대상,True,0,0,0,0,0,2,0
263600,덕우전자(주),2629,비대상,비대상,True,0,0,0,0,0,0,3
017900,광전자(주),2612,비대상,비대상,True,0,0,0,0,0,0,0
356860,(주)티엘비,2622,비대상,비대상,True,0,0,0,0,0,0,0
050890,(주)쏠리드,2642,비대상,비대상,True,0,0,0,0,0,0,14
003680,한성기업(주),10211,비대상,비대상,True,0,0,0,0,0,0,0
090460,(주)비에이치,2622,비대상,비대상,True,0,0,0,0,0,0,0
001570,(주)금양,201,비대상,비대상,True,0,0,0,0,0,0,8
170030,(주)현대공업,303,2차 후보(확인 필요),2차 후보(확인 필요),True,0,0,0,0,0,0,0
058820,(주)CMG제약,212,비대상,비대상,True,0,0,0,0,0,0,1
009900,명신산업(주),303,2차 후보(확인 필요),2차 후보(확인 필요),True,0,0,0,0,0,0,7
090080,평화산업(주),303,2차 후보(확인 필요),"2차(2028, 제품명 확인)",True,0,0,0,0,19,1,2
099190,(주)아이센스,27112,비대상,비대상,True,0,0,0,0,0,0,9
383310,주식회사 에코프로에이치엔,204,비대상,비대상,True,0,0,0,0,0,0,0
033540,주식회사 파라텍,292,2차 후보(확인 필요),2차 후보(확인 필요),True,0,0,0,0,0,0,0
009620,삼보산업 주식회사,24222,1차(2027),1차(2027),True,0,0,4,0,0,0,0
088910,동우팜투테이블,10121,비대상,비대상,True,0,0,0,0,0,0,0
007530,(주)와이엠,259,2차 후보(확인 필요),2차 후보(확인 필요),True,0,0,1,0,0,0,1
460930,현대힘스 주식회사,31114,비대상,비대상,True,0,0,0,0,0,0,0
005800,(주)신영와코루,14120,비대상,비대상,True,0,0,0,0,0,0,0
293480,하나제약(주),212,비대상,비대상,True,0,0,0,0,0,0,6
053270,(주)구영테크,303,2차 후보(확인 필요),2차 후보(확인 필요),True,0,0,0,0,0,0,1
001620,케이비아이동국실업(주),303,2차 후보(확인 필요),2차 후보(확인 필요),True,0,0,0,0,0,0,16
278470,(주)에이피알,20423,비대상,비대상,True,0,0,0,0,0,0,1
114810,한솔아이원스(주),2927,비대상,비대상,True,0,0,0,0,0,0,0
015750,(주)성우하이텍,303,2차 후보(확인 필요),"2차(2028, 제품명 확인)",True,0,0,0,0,1,0,22
015890,태경산업(주),20129,1차(2027),1차(2027),True,0,0,0,0,0,0,10
001780,(주)알루코,24222,1차(2027),1차(2027),True,0,0,0,0,6,0,9
460860,동국제강(주),241,1차(2027),1차(2027),True,0,0,0,0,0,0,2
067390,(주)아스트,31322,비대상,비대상,True,0,0,0,0,0,0,0
039840,(주)디오,27192,2차 후보(확인 필요),2차 후보(확인 필요),True,0,0,0,0,0,0,8
262260,(주)에이프로,289,비대상,비대상,True,0,0,0,0,0,0,17
126640,(주)화신정공,303,2차 후보(확인 필요),"2차(2028, 제품명 확인)",True,0,0,0,0,3,0,0
214390,(주)경보제약,211,비대상,비대상,True,0,0,0,0,0,0,17
303810,동국생명과학(주),212,비대상,비대상,True,0,0,0,0,0,0,2
119650,케이씨코트렐(주),291,2차 후보(확인 필요),2차 후보(확인 필요),True,0,0,0,0,0,0,1
004450,삼화왕관(주),25991,1차(2027),1차(2027),True,0,0,0,0,0,0,2
077360,덕산하이메탈(주),261,비대상,비대상,True,0,0,0,0,0,0,2
111110,호전실업 주식회사,14199,비대상,비대상,True,0,0,0,0,0,0,1
050110,(주)캠시스,262,비대상,비대상,True,0,0,0,0,0,0,1
000520,삼일제약(주),212,비대상,비대상,True,0,0,0,0,0,0,4
043150,(주)바텍,271,2차 후보(확인 필요),2차 후보(확인 필요),True,0,0,0,0,0,0,20
041830,(주)인바디,27199,2차 후보(확인 필요),2차 후보(확인 필요),True,0,0,0,0,0,0,31
234080,제이더블유생명과학(주),212,비대상,비대상,True,0,0,0,0,0,0,4
029530,(주)신도리코,263,비대상,비대상,True,0,0,0,0,0,0,1
017180,명문제약(주),212,비대상,비대상,True,0,0,0,0,0,0,0
004650,(주)창해에탄올,11121,비대상,비대상,True,0,0,0,0,0,0,0
271980,제일약품(주),212,비대상,비대상,True,0,0,0,0,0,0,2
043260,성호전자(주),26291,비대상,비대상,True,0,0,0,0,0,0,0
019770,(주)서연탑메탈,292,2차 후보(확인 필요),2차 후보(확인 필요),True,0,0,0,0,0,0,2
100130,(주)동국에스엔씨,2511,1차(2027),1차(2027),True,0,0,0,0,0,0,15
089010,(주)켐트로닉스,204,비대상,비대상,True,0,0,0,0,0,0,7
243070,(주)휴온스,212,비대상,비대상,True,0,0,0,0,0,0,2
112610,씨에스윈드(주),2511,1차(2027),1차(2027),True,0,0,0,1,0,0,40
038500,(주)삼표시멘트,239,1차(2027),1차(2027),True,0,0,0,0,0,0,0
086900,(주)메디톡스,211,비대상,비대상,True,0,0,0,0,0,0,13
012200,계양전기(주),291,2차 후보(확인 필요),2차 후보(확인 필요),True,0,0,0,0,0,0,10
012620,(주)원일특강,24123,1차(2027),1차(2027),True,0,0,0,0,0,0,0
126700,(주)하이비젼시스템,273,비대상,비대상,True,0,0,0,0,0,0,0
104460,디와이피엔에프(주),29163,2차(2028),2차(2028),True,0,0,0,0,0,0,2
101970,우양에이치씨(주),2512,2차 후보(확인 필요),2차 후보(확인 필요),True,0,0,0,0,0,0,4
042700,한미반도체(주),29271,비대상,비대상,True,0,0,0,0,0,0,14
005160,동국산업(주),24122,1차(2027),1차(2027),True,0,0,0,0,0,0,7
007690,국도화학(주),20111,비대상,비대상,True,0,0,0,0,0,0,15
003220,대원제약(주),212,비대상,비대상,True,0,0,0,0,0,0,10
222800,(주)심텍,2622,비대상,비대상,True,0,0,0,0,0,0,0
462520,조선내화 주식회사,2321,비대상,비대상,True,0,0,0,0,0,0,2
277880,주식회사 티에스아이,292,2차 후보(확인 필요),2차 후보(확인 필요),True,0,0,0,0,0,0,22
166090,하나머티리얼즈(주),2612,비대상,비대상,True,0,0,0,1,0,0,0
412540,(주)제일엠앤에스,292,2차 후보(확인 필요),2차 후보(확인 필요),True,0,0,2,0,0,0,9
003090,(주)대웅,212,비대상,비대상,True,0,0,0,0,0,0,24
063160,(주)종근당바이오,212,비대상,비대상,True,0,0,0,0,0,0,24
069620,(주)대웅제약,212,비대상,비대상,True,0,0,0,0,0,0,22
067310,하나마이크론(주),2611,비대상,비대상,True,0,0,0,1,0,0,1
002230,피에스텍(주),27214,2차 후보(확인 필요),2차 후보(확인 필요),True,0,0,0,0,0,0,0
163560,동일고무벨트(주),2219,비대상,비대상,True,0,0,0,0,0,0,18
383220,주식회사 에프앤에프,14111,비대상,비대상,True,0,0,0,0,0,0,10
054670,대한뉴팜(주),212,비대상,비대상,True,0,0,0,0,0,0,0
460850,동국씨엠 주식회사,24122,1차(2027),1차(2027),True,13,0,0,0,0,0,19
484870,주식회사 엠앤씨솔루션,292,2차 후보(확인 필요),2차 후보(확인 필요),True,0,0,0,0,2,0,3
319400,현대무벡스(주),291,2차 후보(확인 필요),2차 후보(확인 필요),True,0,0,0,4,0,0,1
348370,(주)엔켐,20119,비대상,비대상,True,0,0,0,0,0,0,6
021040,(주)대호특수강,24123,1차(2027),1차(2027),True,0,0,0,0,0,0,0
009580,무림피앤피(주),171,비대상,비대상,True,0,0,0,0,0,0,9
001810,무림에스피(주),171,비대상,비대상,True,0,0,0,0,0,0,5
009200,무림페이퍼(주),171,비대상,비대상,True,0,0,0,1,0,0,13
059210,(주)메타바이오메드,213,비대상,비대상,True,0,0,0,0,0,0,8
340570,(주)티앤엘,213,비대상,비대상,True,0,0,0,0,0,0,48
004250,엔피씨(주),22232,비대상,비대상,True,0,0,0,0,0,0,0
083550,(주)케이엠,139,비대상,비대상,True,0,0,0,0,0,0,2
005750,대림바스 주식회사,23222,비대상,비대상,True,0,0,0,0,0,0,0
144960,(주)뉴파워프라즈마,29271,비대상,비대상,True,0,0,0,0,0,0,0
055490,(주)테이팩스,2229,비대상,비대상,True,0,0,0,0,0,0,3
005500,삼진제약(주),212,비대상,비대상,True,0,0,0,0,0,0,0
237690,에스티팜(주),212,비대상,비대상,True,0,0,0,0,0,0,41
009680,(주)모토닉,303,2차 후보(확인 필요),"2차(2028, 제품명 확인)",True,0,0,9,0,0,0,0
017810,(주)풀무원,108,비대상,비대상,True,0,0,0,0,0,0,3
065500,(주)오리엔트정공,303,2차 후보(확인 필요),"2차(2028, 제품명 확인)",True,0,0,11,1,0,4,0
204270,(주)제이앤티씨,262,비대상,비대상,True,0,0,0,0,0,0,0
145720,(주)덴티움,27191,2차 후보(확인 필요),2차 후보(확인 필요),True,2,0,0,0,0,0,16
044490,(주)태웅,25912,1차(2027),1차(2027),True,0,0,0,0,0,0,5
139990,아주스틸(주),2419,1차(2027),1차(2027),True,9,0,0,0,0,0,4
482630,(주)삼양엔씨켐,20499,비대상,비대상,True,0,0,0,0,0,0,0
065130,(주)탑엔지니어링,29272,비대상,비대상,True,0,0,0,0,0,0,6
008040,사조동아원(주),105,비대상,비대상,True,0,0,0,0,0,0,0
088800,(주)에이스테크놀로지,2642,비대상,비대상,True,0,0,0,0,0,0,3
122310,(주)제노레이,27111,비대상,비대상,True,0,0,0,0,0,0,9
162300,주식회사 신스틸,241,1차(2027),1차(2027),True,0,0,0,0,0,0,0
265520,에이피시스템(주),29272,비대상,비대상,True,0,0,0,0,0,0,0
027740,(주)마니커,1012,비대상,비대상,True,0,0,0,0,0,0,0
195870,해성디에스(주),262,비대상,비대상,True,0,0,0,0,0,0,2
206650,(주)유바이오로직스,212,비대상,비대상,True,0,0,0,0,0,0,5
001790,대한제당(주),105,비대상,비대상,True,0,0,0,0,0,0,4
001680,대상(주),108,비대상,비대상,True,0,0,0,0,0,0,10
027710,(주)팜스토리,109,비대상,비대상,True,0,0,0,0,0,0,1
002960,한국쉘석유(주),19221,비대상,비대상,True,0,0,0,0,0,0,6
052710,(주)아모텍,2629,비대상,비대상,True,0,0,0,0,0,0,7
002600,(주)조흥,108,비대상,비대상,True,0,0,0,0,0,0,0
099320,주식회사쎄트렉아이,3131,비대상,비대상,True,0,0,0,0,0,0,6
101530,해태제과식품주식회사,108,비대상,비대상,True,0,0,0,0,0,0,1
170900,동아에스티(주),212,비대상,비대상,True,0,0,0,0,0,0,26
248170,샘표식품(주),108,비대상,비대상,True,0,0,0,0,0,0,9
264900,(주)크라운제과,106,비대상,비대상,True,0,0,0,0,0,0,0
009450,(주)경동나비엔,28520,비대상,비대상,True,0,0,0,0,0,0,3
017890,한국알콜산업(주),204,비대상,비대상,True,0,0,0,0,0,0,0
023410,유진기업(주),23322,비대상,비대상,True,0,0,0,0,0,0,4
005850,에스엘(주),303,2차 후보(확인 필요),2차 후보(확인 필요),True,0,0,0,0,0,0,9
126880,제이엔케이글로벌(주),291,2차 후보(확인 필요),2차 후보(확인 필요),True,0,0,0,0,0,0,0
011040,경동제약(주),212,비대상,비대상,True,0,0,0,0,0,0,0
023910,대한약품공업(주),212,비대상,비대상,True,0,0,0,0,0,0,0
006620,(주)동구바이오제약,212,비대상,비대상,True,0,0,0,0,0,0,1
086450,동국제약(주),212,비대상,비대상,True,0,0,0,0,0,0,11
083450,(주)글로벌스탠다드테크놀로지,29271,비대상,비대상,True,0,0,0,0,0,0,6
005010,(주)휴스틸,2413,1차(2027),1차(2027),True,0,0,0,0,0,0,0
200670,(주)휴메딕스,212,비대상,비대상,True,0,0,0,0,0,0,15
222040,코스맥스엔비티(주),108,비대상,비대상,True,0,0,0,0,0,0,1
035150,(주)백산,22214,비대상,비대상,True,0,0,0,0,0,0,8
001540,안국약품(주),212,비대상,비대상,True,0,0,0,0,0,0,0
372910,주식회사 한컴라이프케어,27199,2차 후보(확인 필요),2차 후보(확인 필요),True,0,0,0,1,0,0,2
009300,삼아제약(주),212,비대상,비대상,True,0,0,0,0,0,0,1
002800,신신제약(주),212,비대상,비대상,True,0,0,0,0,0,0,2
012790,신일제약(주),212,비대상,비대상,True,0,0,0,0,0,0,0
000220,(주)유유제약,212,비대상,비대상,True,0,0,0,0,0,0,7
033270,한국유나이티드제약(주),212,비대상,비대상,True,0,0,0,0,0,0,2
002390,(주)한독,212,비대상,비대상,True,0,0,0,0,0,0,6
005720,(주)넥센,221,비대상,비대상,True,0,0,0,3,0,0,32
137310,에스디바이오센서(주),27112,비대상,비대상,True,0,0,0,0,0,0,7
004710,한솔테크닉스(주),26299,비대상,비대상,True,0,0,0,0,0,0,7
004310,현대약품(주),212,비대상,비대상,True,0,0,0,0,0,0,2
016580,환인제약(주),212,비대상,비대상,True,0,0,0,0,0,0,0
067080,대화제약(주),212,비대상,비대상,True,0,0,0,0,0,0,41
053030,(주)바이넥스,212,비대상,비대상,True,0,0,0,0,0,0,2
330350,위더스제약(주),212,비대상,비대상,True,0,0,0,0,0,0,0
185750,(주)종근당,212,비대상,비대상,True,0,0,0,0,0,0,10
195940,에이치케이이노엔 주식회사,212,비대상,비대상,True,0,0,0,0,0,0,3
008830,대동기어(주),292,2차 후보(확인 필요),2차 후보(확인 필요),True,0,0,13,0,0,0,1
046890,서울반도체(주),2612,비대상,비대상,True,0,0,0,0,0,0,9
023160,(주)태광,2413,1차(2027),1차(2027),True,0,0,0,0,0,0,8
092220,(주)케이이씨,2612,비대상,비대상,True,0,0,0,0,0,0,0
192820,코스맥스(주),20423,비대상,비대상,True,0,0,0,0,0,0,3
092190,서울바이오시스(주),2612,비대상,비대상,True,0,0,0,0,0,0,2
066700,(주)테라젠이텍스,212,비대상,비대상,True,0,0,0,0,0,0,1
014580,(주)태경비케이,23312,비대상,비대상,True,0,0,0,0,0,0,0
365340,성일하이텍 주식회사,201,비대상,비대상,True,0,3,0,0,0,0,13
009780,(주)엠에스씨,108,비대상,비대상,True,0,0,0,0,0,0,0
004090,한국석유공업(주),23999,비대상,비대상,True,0,0,0,0,0,0,4
006110,삼아알미늄(주),24222,1차(2027),1차(2027),True,0,0,0,0,0,0,6
025000,KPX케미칼(주),20119,비대상,비대상,True,0,0,0,0,0,0,1
096530,(주)씨젠,2130,비대상,비대상,True,0,0,0,0,0,0,24
000850,화천기공(주),29223,2차 후보(확인 필요),2차 후보(확인 필요),True,0,0,0,0,0,0,19
190510,(주)나무가,262,비대상,비대상,True,0,0,0,0,0,0,0
002240,고려제강(주),2411,1차(2027),1차(2027),True,1,0,0,0,0,0,7
016090,(주)대현,14112,비대상,비대상,True,0,0,0,0,0,0,0
033240,자화전자(주),26292,비대상,비대상,True,0,0,0,0,0,0,4
131290,(주)티에스이,27212,2차 후보(확인 필요),2차 후보(확인 필요),True,0,0,0,0,0,0,2
134790,(주)시디즈,32029,비대상,비대상,True,0,0,0,0,0,0,17
109610,에스와이(주),25112,1차(2027),1차(2027),True,0,0,0,0,0,0,1
015710,(주)코콤,26410,비대상,비대상,True,0,0,0,0,6,0,6
041650,상신브레이크(주),303,2차 후보(확인 필요),"2차(2028, 제품명 확인)",True,0,0,0,5,1,0,4
272290,(주)이녹스첨단소재,2629,비대상,비대상,True,0,0,0,0,0,0,0
445180,(주)퓨릿,20119,비대상,비대상,True,0,0,0,0,0,0,0
336680,(주)탑런토탈솔루션,262,비대상,비대상,True,0,0,0,0,0,0,1
000020,동화약품(주),212,비대상,비대상,True,0,0,0,0,0,0,0
160980,(주)싸이맥스,29271,비대상,비대상,True,0,0,1,0,0,0,7
459550,(주)알트,264,비대상,비대상,True,0,0,0,0,0,0,0
095610,(주)테스,29271,비대상,비대상,True,0,0,0,0,0,0,6
263690,(주)디알젬,27111,비대상,비대상,True,0,0,0,0,0,0,2
103840,(주)우양,103,비대상,비대상,True,0,0,0,0,0,0,1
000860,강남제비스코(주),20411,비대상,비대상,True,0,0,0,0,0,0,0
016590,신대양제지(주),172,비대상,비대상,True,0,0,0,0,0,0,0
097780,에코볼트(주),303,2차 후보(확인 필요),2차 후보(확인 필요),True,0,0,0,0,0,0,0
024900,디와이덕양(주),303,2차 후보(확인 필요),2차 후보(확인 필요),True,0,0,0,0,0,0,1
069260,티케이지휴켐스(주),2049,비대상,비대상,True,0,0,0,0,0,0,0
228850,(주)레이언스,27111,비대상,비대상,True,0,0,0,0,0,0,5
110790,(주)크리스에프앤씨,1419,비대상,비대상,True,0,0,0,0,0,0,6
011280,태림포장(주),1721,비대상,비대상,True,0,0,0,0,0,0,0
101160,(주)월덱스,262,비대상,비대상,True,0,0,0,0,0,0,2
003830,대한화섬(주),20501,비대상,비대상,True,0,0,0,0,0,0,3
039240,경남스틸(주),24199,1차(2027),1차(2027),True,0,0,0,0,0,0,0
336370,솔루스첨단소재 주식회사,26299,비대상,비대상,True,0,0,0,0,0,0,30
067290,제이더블유신약(주),212,비대상,비대상,True,0,0,0,0,0,0,1
005680,삼영전자공업(주),26291,비대상,비대상,True,0,0,0,0,0,0,0
007160,사조산업(주),102,비대상,비대상,True,0,0,0,0,0,0,1
036220,(주)오상헬스케어,271,2차 후보(확인 필요),2차 후보(확인 필요),True,0,0,0,0,0,0,16
071670,에이테크솔루션(주),29293,비대상,비대상,True,0,0,0,0,0,0,1
084850,(주)아이티엠반도체,2629,비대상,비대상,True,0,0,0,0,0,0,1
081150,(주)티플랙스,242,2차 후보(확인 필요),2차 후보(확인 필요),True,0,0,0,0,0,0,0
016380,KG스틸(주),24122,1차(2027),1차(2027),True,0,0,0,0,0,0,6
078150,(주)에이치비테크놀러지,29272,비대상,비대상,True,0,0,0,0,0,0,3
033530,에스제이지세종(주),303,2차 후보(확인 필요),2차 후보(확인 필요),True,0,0,0,0,0,0,18
010690,(주)화신,30391,2차 후보(확인 필요),2차 후보(확인 필요),True,0,0,0,0,0,0,0
086670,(주)비엠티,29133,2차 후보(확인 필요),2차 후보(확인 필요),True,0,0,0,0,0,0,0
102710,(주)이엔에프테크놀로지,2049,비대상,비대상,True,0,0,0,0,0,0,3
062040,산일전기(주),28112,2차(2028),2차(2028),True,0,0,0,0,0,0,16
079960,동양이엔피(주),2811,2차(2028),2차(2028),True,0,0,0,0,0,0,4
357580,주식회사 아모센스,262,비대상,비대상,True,0,0,0,0,0,0,9
007820,(주)엠엑스로보틱스,29169,2차(2028),2차(2028),True,0,0,0,1,0,0,0
039010,현대에이치티(주),26410,비대상,비대상,True,0,0,0,0,0,0,1
083420,그린케미칼(주),20421,비대상,비대상,True,0,0,0,0,0,0,0
003850,(주)보령,212,비대상,비대상,True,0,0,0,0,0,0,6
000910,(주)유니온,23311,1차(2027),1차(2027),True,0,0,0,0,1,0,3
198940,한주라이트메탈(주),24212,1차(2027),1차(2027),True,0,0,5,2,4,0,11
104700,한국철강(주),2411,1차(2027),1차(2027),True,0,0,0,0,0,0,1
307750,(주)국전,212,비대상,비대상,True,0,0,0,0,0,0,3
005420,코스모화학(주),2049,비대상,비대상,True,0,0,0,0,0,0,4
092780,디와이피(주),301,2차 후보(확인 필요),"2차(2028, 제품명 확인)",True,0,0,1,0,0,0,2
457190,주식회사 이수스페셜티케미컬,20111,비대상,비대상,True,0,0,0,0,0,0,8
001340,피케이씨(주),20131,비대상,비대상,True,0,0,0,0,0,0,2
007980,티피(주),141,비대상,비대상,True,0,0,0,0,0,0,5
213500,한솔제지(주),171,비대상,비대상,True,0,0,0,0,0,0,14
272550,주식회사 삼양패키징,22232,비대상,비대상,True,0,0,0,0,0,0,1
100840,SNT에너지(주),29176,2차 후보(확인 필요),2차 후보(확인 필요),True,0,0,0,0,0,0,12
085670,(주)뉴프렉스,2622,비대상,비대상,True,0,0,0,0,0,0,0
271560,(주)오리온,108,비대상,비대상,True,0,0,0,0,0,0,0
084010,대한제강(주),2411,1차(2027),1차(2027),True,0,0,0,0,0,0,0
005070,코스모신소재(주),204,비대상,비대상,True,0,0,0,0,0,0,3
101490,(주)에스앤에스텍,2629,비대상,비대상,True,0,0,0,0,0,0,1
019540,(주)일지테크,303,2차 후보(확인 필요),2차 후보(확인 필요),True,0,0,0,0,0,0,0
047810,한국항공우주산업(주),31311,비대상,비대상,True,0,0,2,0,0,0,26
064760,(주)티씨케이,23999,비대상,비대상,True,0,0,0,0,0,0,0
480370,(주)씨케이솔루션,29172,2차 후보(확인 필요),2차 후보(확인 필요),True,0,0,0,0,0,0,6
234690,(주)녹십자웰빙,212,비대상,비대상,True,0,0,0,0,0,0,1
131030,(주)옵투스제약,212,비대상,비대상,True,0,0,0,0,0,0,8
483650,(주)달바글로벌,20423,비대상,비대상,True,0,0,0,0,0,0,4
103590,일진전기(주),2830,2차(2028),2차(2028),True,0,0,0,0,0,0,13
268280,미원스페셜티케미칼(주),201,비대상,비대상,True,0,0,0,0,0,0,1
125020,티씨머티리얼즈(주),283,2차 후보(확인 필요),2차 후보(확인 필요),True,0,0,0,0,0,0,0
011690,(주)와이투솔루션,2611,비대상,비대상,True,0,0,0,0,0,0,11
016800,(주)퍼시스,32029,비대상,비대상,True,0,0,0,0,0,0,0
053080,케이엔솔(주),291,2차 후보(확인 필요),2차 후보(확인 필요),True,0,0,0,0,0,0,3
214450,(주)파마리서치,213,비대상,비대상,True,0,0,0,0,0,0,6
450080,주식회사 에코프로머티리얼즈,28202,비대상,비대상,True,0,0,0,0,0,0,4
007570,일양약품(주),212,비대상,비대상,True,0,0,0,0,0,0,4
002900,주식회사 티와이엠,29210,2차(2028),2차(2028),True,0,0,0,0,0,0,15
011320,(주)유니크,303,2차 후보(확인 필요),"2차(2028, 제품명 확인)",True,0,0,4,0,0,0,1
003240,태광산업(주),20501,비대상,비대상,True,2,0,0,0,0,0,2
059090,(주)미코,261,비대상,비대상,True,0,0,0,0,0,0,5
078520,(주)에이블씨엔씨,20423,비대상,비대상,True,0,0,0,0,0,0,11
004380,삼익THK(주),29141,비대상,비대상,True,0,0,1,0,0,0,6
001060,JW중외제약(주),212,비대상,비대상,True,0,0,0,0,0,0,0
024840,케이비아이메탈(주),242,2차 후보(확인 필요),2차 후보(확인 필요),True,0,0,0,0,0,0,1
007460,(주)에이프로젠,212,비대상,비대상,True,0,0,0,0,0,0,58
098070,(주)한텍,251,2차 후보(확인 필요),2차 후보(확인 필요),True,0,0,0,0,0,0,0
008970,케이비아이동양철관(주),2413,1차(2027),1차(2027),True,0,0,0,0,0,0,7
005610,(주)삼립,108,비대상,비대상,True,0,0,0,0,0,0,0
006280,(주)녹십자,212,비대상,비대상,True,0,0,0,0,0,0,15
003620,케이지모빌리티(주),301,2차 후보(확인 필요),2차 후보(확인 필요),True,0,0,0,0,0,0,16
085660,(주)차바이오텍,211,비대상,비대상,True,0,0,0,0,0,0,8
003920,남양유업(주),104,비대상,비대상,True,0,0,0,0,0,0,1
212560,(주)네오오토,303,2차 후보(확인 필요),"2차(2028, 제품명 확인)",True,0,0,156,1,0,0,0
217820,(주)원익피앤이,292,2차 후보(확인 필요),2차 후보(확인 필요),True,0,1,0,0,0,0,21
033920,(주)무학,11122,비대상,비대상,True,0,0,0,0,0,0,2
153490,우리이앤엘하루틴(주),2612,비대상,비대상,True,0,0,0,0,0,0,0
002820,(주)선앤엘,22232,비대상,비대상,True,0,0,0,0,0,0,2
372170,주식회사 윤성에프앤씨,292,2차 후보(확인 필요),2차 후보(확인 필요),True,0,0,0,0,0,0,17
011500,(주)한농화성,20421,비대상,비대상,True,0,0,0,0,0,0,0
007310,(주)오뚜기,108,비대상,비대상,True,0,0,0,0,0,0,3
079550,엘아이지디펜스앤에어로스페이스(주),25200,비대상,비대상,True,0,0,0,0,0,0,5
073490,(주)엘아이지아큐버,2642,비대상,비대상,True,0,0,0,0,0,0,5
069730,DSR제강(주),24123,1차(2027),1차(2027),True,0,0,0,0,0,0,7
079370,(주)제우스,29271,비대상,비대상,True,0,0,1,0,0,0,0
234030,(주)싸이닉솔루션,26112,비대상,비대상,True,0,0,0,0,0,0,5
005180,(주)빙그레,104,비대상,비대상,True,0,0,0,0,0,0,1
002100,(주)경농,2032,비대상,비대상,True,0,0,0,0,0,0,0
041930,SY동아(주),2219,비대상,비대상,True,0,0,0,0,0,0,1
357780,솔브레인 주식회사,204,비대상,비대상,True,0,0,0,0,0,0,4
024910,경창산업(주),30331,2차 후보(확인 필요),"2차(2028, 제품명 확인)",True,0,0,13,0,0,0,0
078350,한양디지텍(주),2611,비대상,비대상,True,0,0,0,0,0,0,4
102260,(주)동성케미컬,20202,비대상,비대상,True,0,0,0,2,0,0,3
084370,(주)유진테크,29271,비대상,비대상,True,0,0,0,0,0,0,0
066970,(주)엘앤에프,28202,비대상,비대상,True,0,0,0,0,0,0,0
178320,(주)서진시스템,289,비대상,비대상,True,0,0,0,0,0,0,2
001130,대한제분(주),105,비대상,비대상,True,0,0,0,0,0,0,0
017960,(주)한국카본,2512,2차 후보(확인 필요),2차 후보(확인 필요),True,0,0,0,1,0,0,10
008730,율촌화학(주),22231,비대상,비대상,True,0,0,0,0,0,0,1
259630,(주)엠플러스,292,2차 후보(확인 필요),2차 후보(확인 필요),True,0,0,0,0,0,0,11
005710,대원산업(주),303,2차 후보(확인 필요),"2차(2028, 제품명 확인)",True,0,0,1,0,1,0,2
004370,(주)농심,108,비대상,비대상,True,0,0,0,0,0,0,17
230240,(주)에치에프알,264,비대상,비대상,True,0,0,0,0,0,0,1
003060,(주)에이프로젠바이오로직스,212,비대상,비대상,True,0,0,0,0,0,0,5
079900,전진건설로봇(주),292,2차 후보(확인 필요),2차 후보(확인 필요),True,0,0,0,0,0,0,4
006340,대원전선(주),28302,2차(2028),2차(2028),True,0,0,0,90,0,0,2
066590,(주)스모트로닉,303,2차 후보(확인 필요),"2차(2028, 제품명 확인)",True,0,0,3,0,1,0,3
092790,넥스틸(주),2419,1차(2027),1차(2027),True,0,0,0,0,0,0,1
054950,(주)제이브이엠,29192,2차 후보(확인 필요),2차 후보(확인 필요),True,0,0,0,0,0,0,11
002140,고려산업(주),10520,비대상,비대상,True,0,0,0,0,0,0,0
000890,보해양조(주),11122,비대상,비대상,True,0,0,0,0,0,0,0
000080,하이트진로(주),11122,비대상,비대상,True,0,0,0,0,0,0,0
075580,(주)세진중공업,31114,비대상,비대상,True,0,0,0,0,0,0,1
214420,(주)토니모리,20423,비대상,비대상,True,0,0,0,0,0,0,6
080220,(주)제주반도체,2611,비대상,비대상,True,0,0,0,0,0,0,8
014680,(주)한솔케미칼,20129,비대상,비대상,True,0,0,0,0,0,0,0
099440,(주) 스맥,29221,2차 후보(확인 필요),2차 후보(확인 필요),True,0,0,0,2,0,0,15
237880,(주)클리오,20423,비대상,비대상,True,0,0,0,0,0,0,6
014990,(주)인디에프,14112,비대상,비대상,True,0,0,0,0,0,0,1
352480,(주)씨앤씨인터내셔널,20423,비대상,비대상,True,0,0,0,0,0,0,13
024090,디씨엠(주),2419,1차(2027),1차(2027),True,0,0,0,0,0,0,3
007370,진양제약(주),212,비대상,비대상,True,0,0,0,0,0,0,1
353810,(주)이지바이오,109,비대상,비대상,True,0,0,0,0,0,0,3
281820,(주)케이씨텍,272,2차 후보(확인 필요),2차 후보(확인 필요),True,0,0,0,0,0,0,0
137950,제이씨케미칼(주),2049,비대상,비대상,True,0,0,0,0,0,0,19
004890,동일산업(주),24113,1차(2027),1차(2027),True,0,0,1,0,0,0,1
122350,(주)삼기,303,2차 후보(확인 필요),"2차(2028, 제품명 확인)",True,0,0,31,0,0,0,15
002350,넥센타이어(주),221,비대상,비대상,True,0,0,0,3,0,0,46
317450,명인제약(주),21212,비대상,비대상,True,0,0,0,0,0,0,1
213420,덕산네오룩스(주),262,비대상,비대상,True,0,0,0,0,0,0,0
232140,(주)와이씨,292,2차 후보(확인 필요),2차 후보(확인 필요),True,0,0,0,0,0,0,0
047400,유니온머티리얼(주),23222,비대상,비대상,True,0,0,0,0,0,0,9
145990,(주)삼양사,108,비대상,비대상,True,0,0,0,0,0,0,6
204320,에이치엘만도(주),303,2차 후보(확인 필요),"2차(2028, 제품명 확인)",True,0,0,0,0,25,0,19
192440,(주)슈피겐코리아,339,비대상,비대상,True,0,0,0,0,0,0,14
007660,(주)이수페타시스,2622,비대상,비대상,True,0,0,0,0,0,0,0
032300,(주)한국파마,212,비대상,비대상,True,0,0,0,0,0,0,2
023800,인지컨트롤스(주),30310,2차 후보(확인 필요),"2차(2028, 제품명 확인)",True,0,0,2,0,0,1,18
001020,페이퍼코리아(주),171,비대상,비대상,True,0,0,0,0,0,0,9
049630,재영솔루텍(주),27309,비대상,비대상,True,0,0,0,0,0,0,0
090350,(주)노루페인트,20411,비대상,비대상,True,0,0,0,0,0,0,1
067570,엔브이에이치코리아(주),30320,2차 후보(확인 필요),2차 후보(확인 필요),True,0,0,0,0,0,0,3
143210,핸즈코퍼레이션(주),303,2차 후보(확인 필요),"2차(2028, 제품명 확인)",True,0,0,5,146,3,0,7
024830,(주)세원물산,303,2차 후보(확인 필요),2차 후보(확인 필요),True,0,0,0,0,0,0,0
007280,(주)한국특강,24121,1차(2027),1차(2027),True,0,0,0,0,0,0,0
021050,(주)서원,243,2차 후보(확인 필요),2차 후보(확인 필요),True,0,0,0,0,0,0,1
004720,(주)팜젠사이언스,212,비대상,비대상,True,0,0,0,0,0,0,2
017550,(주)수산세보틱스,29241,2차(2028),2차(2028),True,0,0,0,0,0,0,7
484590,주식회사 삼양컴텍,25200,비대상,비대상,True,0,0,0,0,0,0,4
024880,(주)케이피에프,259,1차(2027),1차(2027),True,6,0,4,1,0,0,14
140860,(주)파크시스템스,27219,2차 후보(확인 필요),2차 후보(확인 필요),True,0,0,0,0,0,0,13
083650,비에이치아이주식회사,29176,2차 후보(확인 필요),2차 후보(확인 필요),True,0,0,0,0,0,0,2
105630,한세실업(주),14199,비대상,비대상,True,0,0,0,0,0,0,4
012800,(주)대창,24221,비대상,비대상,True,0,0,0,0,0,0,3
038110,에코플라스틱(주),30320,2차 후보(확인 필요),"2차(2028, 제품명 확인)",True,0,0,0,9,0,2,2
010780,아이에스동서(주),2332,비대상,비대상,True,0,0,0,0,0,0,5
002710,(주)TCC스틸,24191,1차(2027),1차(2027),True,0,0,0,0,0,0,22
037230,(주)한국팩키지,17223,비대상,비대상,True,0,0,0,0,0,0,0
036690,(주)코맥스,2642,비대상,비대상,True,0,0,0,0,0,0,9
033640,(주)네패스,261,비대상,비대상,True,0,0,0,0,0,0,0
014820,동원시스템즈(주),222,비대상,비대상,True,0,0,0,0,0,0,4
027970,한국제지(주),171,비대상,비대상,True,0,0,0,0,0,0,6
100590,(주)머큐리,2642,비대상,비대상,True,0,0,0,0,0,0,3
018250,애경산업(주),20422,비대상,비대상,True,0,0,0,0,0,0,5
151860,케이지에코솔루션(주),302,2차 후보(확인 필요),2차 후보(확인 필요),True,0,0,0,0,0,0,12
006090,(주)사조오양,102,비대상,비대상,True,0,0,0,0,0,0,3
008250,이건산업(주),16211,비대상,비대상,True,0,0,0,0,0,0,5
109670,씨싸이트(주),14199,비대상,비대상,True,0,0,0,0,0,0,0
004490,세방전지(주),28202,비대상,비대상,True,0,0,0,0,0,0,0
019170,신풍제약(주),212,비대상,비대상,True,0,0,0,0,0,0,12
066360,(주)체리부로,10121,비대상,비대상,True,0,0,0,0,0,0,1
091120,(주)이엠텍,262,비대상,비대상,True,0,0,0,0,0,0,0
009420,한올바이오파마(주),212,비대상,비대상,True,0,0,0,0,0,0,21
036540,(주)에스에프에이반도체,2611,비대상,비대상,True,0,0,0,0,0,0,0
098460,(주)고영테크놀러지,29271,비대상,비대상,True,0,0,0,0,0,0,18
300720,한일시멘트(주),23311,1차(2027),1차(2027),True,0,0,0,0,0,0,1
142280,(주)녹십자엠에스,213,비대상,비대상,True,0,0,0,0,0,0,11
249420,일동제약(주),212,비대상,비대상,True,0,0,0,0,0,0,0
105330,(주)케이엔더블유,303,2차 후보(확인 필요),2차 후보(확인 필요),True,0,0,0,0,0,0,2
000250,삼천당제약(주),212,비대상,비대상,True,0,0,0,0,0,0,77
003650,미창석유공업(주),19221,비대상,비대상,True,0,0,0,0,0,0,0
002720,국제약품(주),212,비대상,비대상,True,0,0,0,0,0,0,0
061250,화일약품(주),212,비대상,비대상,True,0,0,0,0,0,0,0
025750,(주)한솔홈데코,161,비대상,비대상,True,0,0,0,0,0,0,3
018680,(주)서울제약,2121,비대상,비대상,True,0,0,0,0,0,0,3
247540,(주)에코프로비엠,28202,비대상,비대상,True,0,0,0,0,0,0,7
052420,오성첨단소재(주),222,비대상,비대상,True,0,0,0,0,0,0,2
044340,(주)위닉스,28519,2차(2028),2차(2028),True,0,0,0,1,0,0,22
061970,엘비세미콘(주),2612,비대상,비대상,True,0,0,0,0,0,0,1
319660,피에스케이 주식회사,29271,비대상,비대상,True,0,0,0,0,0,0,3
068240,(주)다원시스,2811,2차(2028),2차(2028),True,0,0,0,0,0,0,0
003230,삼양식품(주),108,비대상,비대상,True,0,0,0,0,0,0,34
145170,(주)노브랜드,14300,비대상,비대상,True,0,0,0,0,0,0,12
003570,SNT다이내믹스(주),30331,2차 후보(확인 필요),"2차(2028, 제품명 확인)",True,0,0,26,0,0,0,25
095500,미래나노텍(주),2229,비대상,비대상,True,0,0,0,0,0,0,5
002210,동성제약(주),212,비대상,비대상,True,0,0,0,0,0,0,0
200130,콜마비앤에이치(주),211,비대상,비대상,True,0,0,0,0,0,0,1
054210,(주)이랜텍,262,비대상,비대상,True,0,0,0,0,0,0,0
439260,대한조선 주식회사,3111,비대상,비대상,True,0,0,0,0,0,0,194
388210,주식회사 씨엠티엑스,26299,비대상,비대상,True,0,0,0,0,0,0,0
060590,(주)씨티씨바이오,212,비대상,비대상,True,0,0,0,0,0,0,0
0120G0,(주)삼양바이오팜,212,비대상,비대상,True,0,0,0,0,0,0,1
069510,에스텍(주),26529,비대상,비대상,True,0,0,0,0,0,0,1
049070,인탑스(주),2642,비대상,비대상,True,0,0,0,0,0,0,8
308170,(주)씨티알모빌리티,303,2차 후보(확인 필요),"2차(2028, 제품명 확인)",True,0,0,16,0,27,0,0
007590,(주)동방아그로,2032,비대상,비대상,True,0,0,0,0,0,0,0
290120,(주)디에이치오토리드,30399,2차 후보(확인 필요),"2차(2028, 제품명 확인)",True,0,0,3,9,3,2,6
065680,(주)우주일렉트로닉스,2629,비대상,비대상,True,0,0,0,0,0,0,0
056190,(주)에스에프에이,292,2차 후보(확인 필요),2차 후보(확인 필요),True,0,0,1,0,0,0,0
000490,(주)대동,29210,2차(2028),2차(2028),True,0,0,3,0,5,0,34
005290,(주)동진쎄미켐,20129,비대상,비대상,True,0,0,0,0,0,0,0
208710,(주)포톤,262,비대상,비대상,True,0,0,0,0,0,0,0
001070,대한방직(주),132,비대상,비대상,True,0,0,0,0,0,0,4
222080,(주)에스에프에이넥셀,292,2차 후보(확인 필요),2차 후보(확인 필요),True,0,0,0,0,0,0,9
403870,주식회사 에이치피에스피,29271,비대상,비대상,True,0,0,0,0,0,0,3
000390,에스피삼화(주),20411,비대상,비대상,True,0,0,0,0,0,0,3
025440,(주)디에이치오토웨어,265,비대상,비대상,True,0,0,0,0,0,0,8
005860,한일사료(주),109,비대상,비대상,True,0,0,0,0,0,0,1
019210,(주)와이지-원,25934,비대상,비대상,True,0,0,0,0,0,0,14
118990,모트렉스 주식회사,303,2차 후보(확인 필요),"2차(2028, 제품명 확인)",True,0,0,0,5,0,0,5
009290,광동제약(주),21220,비대상,비대상,True,0,0,0,0,0,0,4
217590,(주)티엠씨,2830,2차(2028),2차(2028),True,0,0,0,0,0,0,10
102120,어보브반도체(주),2612,비대상,비대상,True,0,0,0,0,0,0,3
015590,디케이엠이(주),29176,2차 후보(확인 필요),2차 후보(확인 필요),True,0,0,0,0,0,0,13
260660,알리코제약(주),213,비대상,비대상,True,0,0,0,0,0,0,0
036930,주성엔지니어링(주),29229,2차 후보(확인 필요),2차 후보(확인 필요),True,0,0,0,0,0,0,10
065060,(주)지엔코,141,비대상,비대상,True,0,0,2,0,0,0,5
036670,(주)삼양케이씨아이,20421,비대상,비대상,True,0,0,0,0,0,0,0
069460,(주)대호에이엘,24222,1차(2027),1차(2027),True,0,0,0,0,0,0,6
198080,(주)캐프,26224,비대상,비대상,True,0,0,0,0,0,0,17
061090,(주)세나테크놀로지,26429,비대상,비대상,True,0,0,0,0,0,0,7
282880,(주)코윈로보틱스,292,2차 후보(확인 필요),2차 후보(확인 필요),True,0,0,0,1,0,0,7
103140,(주)풍산,242,비대상,비대상,True,0,0,0,0,0,1,1
068790,(주)디엠에스,292,2차 후보(확인 필요),2차 후보(확인 필요),True,0,0,0,0,0,0,0
240550,(주)동방메디컬,271,2차 후보(확인 필요),2차 후보(확인 필요),True,0,0,0,0,0,0,2
009320,아진전자부품(주),303,2차 후보(확인 필요),"2차(2028, 제품명 확인)",True,0,0,1,0,1,0,1
024120,KB오토시스(주),303,2차 후보(확인 필요),2차 후보(확인 필요),True,0,0,0,0,0,0,1
090410,(주)덕신이피씨,25112,1차(2027),1차(2027),True,0,0,0,0,0,0,2
084680,(주)이월드,331,비대상,비대상,True,0,0,0,0,0,0,1
001520,(주)동양,23322,비대상,비대상,True,0,0,0,0,0,0,0
214150,(주)클래시스,271,2차 후보(확인 필요),2차 후보(확인 필요),True,0,0,0,0,0,0,7
002840,미원상사(주),204,비대상,비대상,True,0,0,0,0,0,0,5
029460,(주)케이씨,27216,2차 후보(확인 필요),2차 후보(확인 필요),True,0,0,0,0,0,0,0
066900,(주)디에이피,2622,비대상,비대상,True,0,0,0,0,0,0,3
018500,동원모빌리티(주),303,2차 후보(확인 필요),2차 후보(확인 필요),True,0,0,0,0,0,0,7
001460,(주)BYC,14120,비대상,비대상,True,0,0,0,0,0,0,0
192650,(주)드림텍,2629,비대상,비대상,True,0,0,0,0,0,0,0
009460,(주)한창제지,171,비대상,비대상,True,0,0,0,0,0,0,0
009190,(주)대양금속,24122,1차(2027),1차(2027),True,0,0,0,0,0,0,5
004440,(주)삼일씨엔에스,23325,비대상,비대상,True,0,0,0,0,0,0,4
005870,(주)휴니드테크놀러지스,2642,비대상,비대상,True,0,0,0,0,0,0,5
051360,(주)토비스,265,비대상,비대상,True,0,0,0,0,0,0,0
128660,(주)피제이메탈,2429,비대상,비대상,True,0,0,0,0,0,0,0
267980,매일유업 주식회사,104,비대상,비대상,True,0,0,0,0,0,0,0
016790,현대사료(주),109,비대상,비대상,True,0,0,1,0,0,0,0
001080,만호제강(주),24123,1차(2027),1차(2027),True,0,0,0,0,0,0,0
121800,(주)비덴트,26421,비대상,비대상,True,0,0,0,0,0,0,6
314140,(주)알피바이오,212,비대상,비대상,True,0,0,0,0,0,0,0
073240,금호타이어(주),221,비대상,비대상,True,0,0,0,0,0,0,15
053700,삼보모터스(주),303,2차 후보(확인 필요),"2차(2028, 제품명 확인)",True,0,0,7,0,0,0,4
194700,(주)노바렉스,108,비대상,비대상,True,0,0,0,0,0,0,0
053260,금강철강(주),2419,1차(2027),1차(2027),True,0,0,0,0,0,0,0
016740,(주)두올,303,2차 후보(확인 필요),2차 후보(확인 필요),True,0,0,0,0,0,0,15
028300,에이치엘비(주),213,비대상,비대상,True,0,0,0,0,0,0,34
079980,(주)휴비스,20501,비대상,비대상,True,0,0,0,0,0,0,8
248070,주식회사 솔루엠,2629,비대상,비대상,True,0,0,0,0,0,0,8
002880,(주)디와이에이,303,2차 후보(확인 필요),"2차(2028, 제품명 확인)",True,0,0,0,4,0,0,0
161000,애경케미칼(주),201,비대상,비대상,True,0,0,0,0,0,0,0
037330,(주)인지디스플레이,26211,비대상,비대상,True,0,0,7,0,0,0,3
236200,(주)슈프리마,26410,비대상,비대상,True,0,0,0,0,0,0,9
123410,코리아에프티(주),303,2차 후보(확인 필요),"2차(2028, 제품명 확인)",True,0,0,2,0,0,0,7
128940,한미약품(주),21212,비대상,비대상,True,0,0,0,0,0,0,9
004540,깨끗한나라(주),171,비대상,비대상,True,0,0,0,0,0,0,4
